Genus;Species;Species_names_pasted;Species_name;Comments_bernat;H;O;Arabia;NoArabia;Location
Ablepharus;pannonicus;Ablepharus_pannonicus;Ablepharus pannonicus;HAJARS_no_endem;0;1;1;0;Arabia
Acanthodactylus;blanfordii;Acanthodactylus_blanfordii;Acanthodactylus blanfordii;Genus Hajars;0;1;1;0;Arabia
Acanthodactylus;boskianus;Acanthodactylus_boskianus;Acanthodactylus boskianus asper;HAJARS_no_endem;0;1;1;0;Arabia
Acanthodactylus;opheodurus;Acanthodactylus_opheodurus;Acanthodactylus opheodurus;HAJARS_no_endem;0;1;1;0;Arabia
Acanthodactylus;schmidti;Acanthodactylus_schmidti;Acanthodactylus schmidti;Genus Hajars;0;1;1;0;Arabia
Acanthosaura;lepidogaster;Acanthosaura_lepidogaster;Acanthosaura lepidogaster;Backbone;0;1;0;1;No Arabia
Acrochordus;granulatus;Acrochordus_granulatus;Acrochordus granulatus;Backbone;0;1;0;1;No Arabia
Alopoglossus;angulatus;Alopoglossus_angulatus;Alopoglossus angulatus;Backbone;0;1;0;1;No Arabia
Anguis;fragilis;Anguis_fragilis;Anguis fragilis;Backbone;0;1;0;1;No Arabia
Anilius;scytale;Anilius_scytale;Anilius scytale;Backbone;0;1;0;1;No Arabia
Anniella;pulchra;Anniella_pulchra;Anniella pulchra;Backbone;0;1;0;1;No Arabia
Anolis;carolinensis;Anolis_carolinensis;Anolis carolinensis;Backbone;0;1;0;1;No Arabia
Aprasia;parapulchella;Aprasia_parapulchella;Aprasia parapulchella;Backbone;0;1;0;1;No Arabia
Asaccus;andersoni;Asaccus_andersoni;Asaccus andersoni;Genus Hajars;0;1;0;1;No Arabia
Asaccus;arnoldi;Asaccus_arnoldi;Asaccus arnoldi;Hajars;1;0;1;0;Arabia
Asaccus;caudivolvulus;Asaccus_caudivolvulus;Asaccus caudivolvulus;Hajars;1;0;1;0;Arabia
Asaccus;elisae;Asaccus_elisae;Asaccus elisae;Genus Hajars;0;1;0;1;No Arabia
Asaccus;gallagheri;Asaccus_gallagheri;Asaccus gallagheri;Hajars;1;0;1;0;Arabia
Asaccus;gardneri;Asaccus_gardneri;Asaccus gardneri;Hajars;1;0;1;0;Arabia
Asaccus;granularis;Asaccus_granularis;Asaccus granularis;Genus Hajars;0;1;0;1;No Arabia
Asaccus;griseonotus;Asaccus_griseonotus;Asaccus griseonotus;Genus Hajars;0;1;0;1;No Arabia
Asaccus;iranicus;Asaccus_iranicus;Asaccus iranicus;Genus Hajars;0;1;0;1;No Arabia
Asaccus;kermanshahensis;Asaccus_kermanshahensis;Asaccus kermanshahensis;Genus Hajars;0;1;0;1;No Arabia
Asaccus;kurdistanensis;Asaccus_kurdistanensis;Asaccus kurdistanensis;Genus Hajars;0;1;0;1;No Arabia
Asaccus;margaritae;Asaccus_margaritae;Asaccus margaritae;Hajars;1;0;1;0;Arabia
Asaccus;montanus;Asaccus_montanus;Asaccus montanus;Hajars;1;0;1;0;Arabia
Asaccus;nasrullahi;Asaccus_nasrullahi;Asaccus nasrullahi;Genus Hajars;0;1;0;1;No Arabia
Asaccus;platyrhynchus;Asaccus_platyrhynchus;Asaccus platyrhynchus;Hajars;1;0;1;0;Arabia
Asaccus;tangestanensis;Asaccus_tangestanensis;Asaccus tangestanensis;Genus Hajars;0;1;0;1;No Arabia
Asaccus;zagrosicus;Asaccus_zagrosicus;Asaccus zagrosicus;Genus Hajars;0;1;0;1;No Arabia
Aspidoscelis;tigris;Aspidoscelis_tigris;Aspidoscelis tigris;Backbone;0;1;0;1;No Arabia
Bipes;canaliculatus;Bipes_canaliculatus;Bipes canaliculatus;Backbone;0;1;0;1;No Arabia
Blanus;strauchi;Blanus_strauchi;Blanus strauchi;Backbone;0;1;0;1;No Arabia
Bunopus;blanfordii;Bunopus_blanfordii;Bunopus blanfordii;de Pous J27;0;1;0;1;No Arabia
Bunopus;crassicauda;Bunopus_crassicauda;Bunopus crassicauda;Genus Hajars;0;1;0;1;No Arabia
Bunopus;tuberculatus;Bunopus_tuberculatus;Bunopus tuberculatus;Genus Hajars;0;1;1;0;Arabia
Cadea;blanoides;Cadea_blanoides;Cadea blanoides;Backbone;0;1;0;1;No Arabia
Calotes;versicolor;Calotes_versicolor;Calotes versicolor;Backbone;0;1;0;1;No Arabia
Carphodactylus;laevis;Carphodactylus_laevis;Carphodactylus laevis;Backbone;0;1;0;1;No Arabia
Casarea;dussumieri;Casarea_dussumieri;Casarea dussumieri;Backbone;0;1;0;1;No Arabia
Celestus;enneagrammus;Celestus_enneagrammus;Celestus enneagrammus;Backbone;0;1;0;1;No Arabia
Cerastes;cerastes;Cerastes_cerastes;Cerastes cerastes;HAJARS_no_endem;0;1;1;0;Arabia
Cerastes;gasperettii;Cerastes_gasperettii;Cerastes gasperettii;HAJARS_no_endem;0;1;1;0;Arabia
Cerastes;vipera;Cerastes_vipera;Cerastes vipera;HAJARS_no_endem;0;1;0;1;No Arabia
Chalarodon;madagascariensis;Chalarodon_madagascariensis;Chalarodon madagascariensis;Backbone;0;1;0;1;No Arabia
Chalcides;ocellatus;Chalcides_ocellatus;Chalcides ocellatus;HAJARS_no_endem;0;1;1;0;Arabia
Chamaeleo;calyptratus;Chamaeleo_calyptratus;Chamaeleo calyptratus;Backbone;0;1;1;0;Arabia
Colobosaura;modesta;Colobosaura_modesta;Colobosaura modesta;Backbone;0;1;0;1;No Arabia
Corytophanes;cristatus;Corytophanes_cristatus;Corytophanes cristatus;Backbone;0;1;0;1;No Arabia
Ctenophorus;adelaidensis;Ctenophorus_adelaidensis;Ctenophorus adelaidensis;Backbone;0;1;0;1;No Arabia
Cylindrophis;ruffus;Cylindrophis_ruffus;Cylindrophis ruffus;Backbone;0;1;0;1;No Arabia
Cyrtopodion;scabrum;Cyrtopodion_scabrum;Cyrtopodion scabrum;HAJARS_no_endem;0;1;1;0;Arabia
Daboia;russelii;Daboia_russelii;Daboia russelii;Backbone;0;1;0;1;No Arabia
Dibamus;novaeguineae;Dibamus_novaeguineae;Dibamus novaeguineae;Backbone;0;1;0;1;No Arabia
Diplometopon;zarudnyi;Diplometopon_zarudnyi;Diplometopon zarudnyi;Backbone;0;1;1;0;Arabia
Dipsosaurus;dorsalis;Dipsosaurus_dorsalis;Dipsosaurus dorsalis;Backbone;0;1;0;1;No Arabia
Echis;borkini;Echis_borkini;Echis borkini;Genus Hajars;0;1;1;0;Arabia
Echis;carinatus;Echis_carinatus;Echis carinatus;Genus Hajars;0;1;1;0;Arabia
Echis;coloratus;Echis_coloratus;Echis coloratus;Genus Hajars;0;1;1;0;Arabia
Echis;jogeri;Echis_jogeri;Echis jogeri;Genus Hajars;0;1;0;1;No Arabia
Echis;khosatzkii;Echis_khosatzkii;Echis khosatzkii;Genus Hajars;0;1;1;0;Arabia
Echis;leucogaster;Echis_leucogaster;Echis leucogaster;Genus Hajars;0;1;0;1;No Arabia
Echis;ocellatus;Echis_ocellatus;Echis ocellatus;Genus Hajars;0;1;0;1;No Arabia
Echis;omanensis;Echis_omanensis;Echis omanensis;Hajars;1;0;1;0;Arabia
Echis;pyramidum;Echis_pyramidum;Echis pyramidum;Genus Hajars;0;1;0;1;No Arabia
Enyalioides;laticeps;Enyalioides_laticeps;Enyalioides laticeps;Backbone;0;1;0;1;No Arabia
Eryx;jayakari;Eryx_jayakari;Eryx jayakari;Backbone;0;1;1;0;Arabia
Eublepharis;macularius;Eublepharis_macularius;Eublepharis macularius;Backbone;0;1;0;1;No Arabia
Gallotia;bravoana;Gallotia_bravoana;Gallotia bravoana;Backbone;0;1;0;1;No Arabia
Gallotia;caesaris_cae;Gallotia_caesaris_cae;Gallotia caesaris caesaris;Backbone;0;1;0;1;No Arabia
Gallotia;caesaris_gom;Gallotia_caesaris_gom;Gallotia caesaris gomerae;Backbone;0;1;0;1;No Arabia
Gallotia;galloti_eis;Gallotia_galloti_eis;Gallotia galloti eisentrauti;Backbone;0;1;0;1;No Arabia
Gallotia;galloti_pal;Gallotia_galloti_pal;Gallotia galloti palmae;Backbone;0;1;0;1;No Arabia
Gallotia;intermedia;Gallotia_intermedia;Gallotia intermedia;Backbone;0;1;0;1;No Arabia
Gallotia;simonyi;Gallotia_simonyi;Gallotia simonyi;Backbone;0;1;0;1;No Arabia
Gambelia;wislizenii;Gambelia_wislizenii;Gambelia wislizenii;Backbone;0;1;0;1;No Arabia
Geocalamus;acutus;Geocalamus_acutus;Geocalamus acutus;Backbone;0;1;0;1;No Arabia
Gerrhopilus;mirus;Gerrhopilus_mirus;Gerrhopilus mirus;Backbone;0;1;0;1;No Arabia
Heloderma;suspectum;Heloderma_suspectum;Heloderma suspectum;Backbone;0;1;0;1;No Arabia
Hemidactylus;adensis;Hemidactylus_adensis;Hemidactylus adensis;Genus Hajars;0;1;1;0;Arabia
Hemidactylus;afarensis;Hemidactylus_afarensis;Hemidactylus afarensis;Genus Hajars;0;1;0;1;No Arabia
Hemidactylus;albopunctatus;Hemidactylus_albopunctatus;Hemidactylus albopunctatus;Genus Hajars;0;1;0;1;No Arabia
Hemidactylus;alfarraji;Hemidactylus_alfarraji;Hemidactylus alfarraji;Genus Hajars;0;1;1;0;Arabia
Hemidactylus;alkiyumii;Hemidactylus_alkiyumii;Hemidactylus alkiyumii;Genus Hajars;0;1;1;0;Arabia
Hemidactylus;angulatus;Hemidactylus_angulatus;Hemidactylus angulatus;Genus Hajars;0;1;0;1;No Arabia
Hemidactylus;asirensis;Hemidactylus_asirensis;Hemidactylus asirensis;Genus Hajars;0;1;1;0;Arabia
Hemidactylus;awashensis;Hemidactylus_awashensis;Hemidactylus awashensis;Genus Hajars;0;1;0;1;No Arabia
Hemidactylus;barbierii;Hemidactylus_barbierii;Hemidactylus barbierii;Genus Hajars;0;1;0;1;No Arabia
Hemidactylus;barodanus;Hemidactylus_barodanus;Hemidactylus barodanus;Genus Hajars;0;1;0;1;No Arabia
Hemidactylus;brasilianus;Hemidactylus_brasilianus;Hemidactylus brasilianus;Genus Hajars;0;1;0;1;No Arabia
Hemidactylus;citernii;Hemidactylus_citernii;Hemidactylus citernii;Genus Hajars;0;1;0;1;No Arabia
Hemidactylus;dawudazraqi;Hemidactylus_dawudazraqi;Hemidactylus dawudazraqi;Genus Hajars;0;1;0;1;No Arabia
Hemidactylus;dracaenacolus;Hemidactylus_dracaenacolus;Hemidactylus dracaenacolus;Genus Hajars;0;1;0;1;No Arabia
Hemidactylus;fasciatus;Hemidactylus_fasciatus;Hemidactylus fasciatus;Genus Hajars;0;1;0;1;No Arabia
Hemidactylus;festivus;Hemidactylus_festivus;Hemidactylus festivus;Genus Hajars;0;1;1;0;Arabia
Hemidactylus;flaviviridis;Hemidactylus_flaviviridis;Hemidactylus flaviviridis;Genus Hajars;0;1;0;1;No Arabia
Hemidactylus;forbesii;Hemidactylus_forbesii;Hemidactylus forbesii;Genus Hajars;0;1;0;1;No Arabia
Hemidactylus;foudaii;Hemidactylus_foudaii;Hemidactylus foudaii;Genus Hajars;0;1;0;1;No Arabia
Hemidactylus;frenatus;Hemidactylus_frenatus;Hemidactylus frenatus;Genus Hajars;0;1;0;1;No Arabia
Hemidactylus;funaiolii;Hemidactylus_funaiolii;Hemidactylus funaiolii;Genus Hajars;0;1;0;1;No Arabia
Hemidactylus;granchii;Hemidactylus_granchii;Hemidactylus granchii;Genus Hajars;0;1;0;1;No Arabia
Hemidactylus;granosus;Hemidactylus_granosus;Hemidactylus granosus;Genus Hajars;0;1;1;0;Arabia
Hemidactylus;granti;Hemidactylus_granti;Hemidactylus granti;Genus Hajars;0;1;0;1;No Arabia
Hemidactylus;hajarensis;Hemidactylus_hajarensis;Hemidactylus hajarensis;Hajars;1;0;1;0;Arabia
Hemidactylus;homoeolepis;Hemidactylus_homoeolepis;Hemidactylus homoeolepis;Genus Hajars;0;1;0;1;No Arabia
Hemidactylus;imbricatus;Hemidactylus_imbricatus;Hemidactylus imbricatus;Genus Hajars;0;1;0;1;No Arabia
Hemidactylus;inexpectatus;Hemidactylus_inexpectatus;Hemidactylus inexpectatus;Genus Hajars;0;1;1;0;Arabia
Hemidactylus;inintellectus;Hemidactylus_inintellectus;Hemidactylus inintellectus;Genus Hajars;0;1;0;1;No Arabia
Hemidactylus;isolepis;Hemidactylus_isolepis;Hemidactylus isolepis;Genus Hajars;0;1;0;1;No Arabia
Hemidactylus;jumailiae;Hemidactylus_jumailiae;Hemidactylus jumailiae;Genus Hajars;0;1;1;0;Arabia
Hemidactylus;kurdicus;Hemidactylus_kurdicus;Hemidactylus kurdicus;Genus Hajars;0;1;0;1;No Arabia
Hemidactylus;laevis;Hemidactylus_laevis;Hemidactylus laevis;Genus Hajars;0;1;0;1;No Arabia
Hemidactylus;lanzai;Hemidactylus_lanzai;Hemidactylus lanzai;Genus Hajars;0;1;0;1;No Arabia
Hemidactylus;lavadeserticus;Hemidactylus_lavadeserticus;Hemidactylus lavadeserticus;Genus Hajars;0;1;0;1;No Arabia
Hemidactylus;lemurinus;Hemidactylus_lemurinus;Hemidactylus lemurinus;Genus Hajars;0;1;1;0;Arabia
Hemidactylus;longicephalus;Hemidactylus_longicephalus;Hemidactylus longicephalus;Genus Hajars;0;1;0;1;No Arabia
Hemidactylus;luqueorum;Hemidactylus_luqueorum;Hemidactylus luqueorum;Hajars;1;0;1;0;Arabia
Hemidactylus;mabouia;Hemidactylus_mabouia;Hemidactylus mabouia;Genus Hajars;0;1;0;1;No Arabia
Hemidactylus;macropholis;Hemidactylus_macropholis;Hemidactylus macropholis;Genus Hajars;0;1;0;1;No Arabia
Hemidactylus;mandebensis;Hemidactylus_mandebensis;Hemidactylus mandebensis;Genus Hajars;0;1;1;0;Arabia
Hemidactylus;masirahensis;Hemidactylus_masirahensis;Hemidactylus masirahensis;Genus Hajars;0;1;1;0;Arabia
Hemidactylus;mindiae;Hemidactylus_mindiae;Hemidactylus mindiae;Genus Hajars;0;1;1;0;Arabia
Hemidactylus;minutus;Hemidactylus_minutus;Hemidactylus minutus;Genus Hajars;0;1;1;0;Arabia
Hemidactylus;montanus;Hemidactylus_montanus;Hemidactylus montanus;Genus Hajars;0;1;1;0;Arabia
Hemidactylus;ophiolepis;Hemidactylus_ophiolepis;Hemidactylus ophiolepis;Genus Hajars;0;1;0;1;No Arabia
Hemidactylus;ophiolepoides;Hemidactylus_ophiolepoides;Hemidactylus ophiolepoides;Genus Hajars;0;1;0;1;No Arabia
Hemidactylus;oxyrhinus;Hemidactylus_oxyrhinus;Hemidactylus oxyrhinus;Genus Hajars;0;1;0;1;No Arabia
Hemidactylus;palaichthus;Hemidactylus_palaichthus;Hemidactylus palaichthus;Genus Hajars;0;1;0;1;No Arabia
Hemidactylus;pauciporosus;Hemidactylus_pauciporosus;Hemidactylus pauciporosus;Genus Hajars;0;1;0;1;No Arabia
Hemidactylus;paucituberculatus;Hemidactylus_paucituberculatus;Hemidactylus paucituberculatus;Genus Hajars;0;1;1;0;Arabia
Hemidactylus;persicus;Hemidactylus_persicus;Hemidactylus persicus;Genus Hajars;0;1;1;0;Arabia
Hemidactylus;platycephalus;Hemidactylus_platycephalus;Hemidactylus platycephalus;Genus Hajars;0;1;0;1;No Arabia
Hemidactylus;platyurus;Hemidactylus_platyurus;Hemidactylus platyurus;Genus Hajars;0;1;0;1;No Arabia
Hemidactylus;pumilio;Hemidactylus_pumilio;Hemidactylus pumilio;Genus Hajars;0;1;0;1;No Arabia
Hemidactylus;robustus;Hemidactylus_robustus;Hemidactylus robustus;Genus Hajars;0;1;1;0;Arabia
Hemidactylus;ruspolii;Hemidactylus_ruspolii;Hemidactylus ruspolii;Genus Hajars;0;1;0;1;No Arabia
Hemidactylus;saba;Hemidactylus_saba;Hemidactylus saba;Genus Hajars;0;1;1;0;Arabia
Hemidactylus;shihraensis;Hemidactylus_shihraensis;Hemidactylus shihraensis;Genus Hajars;0;1;1;0;Arabia
Hemidactylus;sinaitus;Hemidactylus_sinaitus;Hemidactylus sinaitus;Genus Hajars;0;1;1;0;Arabia
Hemidactylus;smithi;Hemidactylus_smithi;Hemidactylus smithi;Genus Hajars;0;1;0;1;No Arabia
Hemidactylus;somalicus;Hemidactylus_somalicus;Hemidactylus somalicus;Genus Hajars;0;1;0;1;No Arabia
Hemidactylus;squamulatus;Hemidactylus_squamulatus;Hemidactylus squamulatus;Genus Hajars;0;1;0;1;No Arabia
Hemidactylus;triedrus;Hemidactylus_triedrus;Hemidactylus triedrus;Genus Hajars;0;1;0;1;No Arabia
Hemidactylus;turcicus;Hemidactylus_turcicus;Hemidactylus turcicus;Genus Hajars;0;1;0;1;No Arabia
Hemidactylus;ulii;Hemidactylus_ulii;Hemidactylus ulii;Genus Hajars;0;1;1;0;Arabia
Hemidactylus;yerburii;Hemidactylus_yerburii;Hemidactylus yerburii;Genus Hajars;0;1;1;0;Arabia
Homalopsis;buccata;Homalopsis_buccata;Homalopsis buccata;Backbone;0;1;0;1;No Arabia
Hydrosaurus;amboinensis;Hydrosaurus_amboinensis;Hydrosaurus amboinensis;Backbone;0;1;0;1;No Arabia
Indotyphlops;braminus;Indotyphlops_braminus;Indotyphlops braminus;Backbone;0;1;0;1;No Arabia
Intellagama;lesueurii;Intellagama_lesueurii;Intellagama lesueurii;Backbone;0;1;0;1;No Arabia
Lanthanotus;borneensis;Lanthanotus_borneensis;Lanthanotus borneensis;Backbone;0;1;0;1;No Arabia
Leiocephalus;barahonensis;Leiocephalus_barahonensis;Leiocephalus barahonensis;Backbone;0;1;0;1;No Arabia
Leiolepis;belliana;Leiolepis_belliana;Leiolepis belliana;Backbone;0;1;0;1;No Arabia
Liotyphlops;albirostris;Liotyphlops_albirostris;Liotyphlops albirostris;Backbone;0;1;0;1;No Arabia
Loxocemus;bicolor;Loxocemus_bicolor;Loxocemus bicolor;Backbone;0;1;0;1;No Arabia
Lytorhynchus;diadema;Lytorhynchus_diadema;Lytorhynchus diadema;Backbone;0;1;1;0;Arabia
Macrovipera;lebetina;Macrovipera_lebetina;Macrovipera lebetina;Backbone Eastern mediterranean;0;1;0;1;No Arabia
Malayopython;reticulatus;Malayopython_reticulatus;Malayopython reticulatus;Backbone;0;1;0;1;No Arabia
Malpolon;moilensis;Malpolon_moilensis;Malpolon moilensis;Backbone;0;1;1;0;Arabia
Mesalina;adramitana;Mesalina_adramitana;Mesalina adramitana;Genus Hajars;0;1;1;0;Arabia
Mesalina;austroarabica;Mesalina_austroarabica;Mesalina austroarabica;Genus Hajars;0;1;1;0;Arabia
Mesalina;brevirostris;Mesalina_brevirostris;Mesalina brevirostris;Genus Hajars;0;1;1;0;Arabia
Myriopholis;macrorhyncha;Myriopholis_macrorhyncha;Myriopholis macrorhyncha;Backbone;0;1;1;0;Arabia
Naja;kaouthia;Naja_kaouthia;Naja kaouthia;Backbone;0;1;0;1;No Arabia
Naja;nigricollis;Naja_nigricollis;Naja nigricollis;Backbone;0;1;0;1;No Arabia
Namazonurus;namaquensis;Namazonurus_namaquensis;Namazonurus namaquensis;Backbone;0;1;0;1;No Arabia
Naultinus;gemmeus;Naultinus_gemmeus;Naultinus gemmeus;Backbone;0;1;0;1;No Arabia
Oedodera;marmorata;Oedodera_marmorata;Oedodera marmorata;Backbone;0;1;0;1;No Arabia
Omanosaura;cyanura;Omanosaura_cyanura;Omanosaura cyanura;Hajars;1;0;1;0;Arabia
Omanosaura;jayakari;Omanosaura_jayakari;Omanosaura jayakari;Hajars;1;0;1;0;Arabia
Pareas;carinatus;Pareas_carinatus;Pareas carinatus;Backbone;0;1;0;1;No Arabia
Petrosaurus;mearnsi;Petrosaurus_mearnsi;Petrosaurus mearnsi;Backbone;0;1;0;1;No Arabia
Phelsuma;inexpectata;Phelsuma_inexpectata;Phelsuma inexpectata;Backbone;0;1;0;1;No Arabia
Phelsuma;ornata;Phelsuma_ornata;Phelsuma ornata;Backbone;0;1;0;1;No Arabia
Phrynosoma;cornutum;Phrynosoma_cornutum;Phrynosoma cornutum;Backbone;0;1;0;1;No Arabia
Phymaturus;palluma;Phymaturus_palluma;Phymaturus palluma;Backbone;0;1;0;1;No Arabia
Platyceps;rhodorachis;Platyceps_rhodorachis;Platyceps  rhodorachis;HAJARS_no_endem;0;1;1;0;Arabia
Plica;plica;Plica_plica;Plica plica;Backbone;0;1;0;1;No Arabia
Podarcis;lilfordi;Podarcis_lilfordi;Podarcis lilfordi;Backbone;0;1;0;1;No Arabia
Podarcis;pityusensis;Podarcis_pityusensis;Podarcis pityusensis;Backbone;0;1;0;1;No Arabia
Pogona;vitticeps;Pogona_vitticeps;Pogona vitticeps;Backbone;0;1;0;1;No Arabia
Polychrus;marmoratus;Polychrus_marmoratus;Polychrus marmoratus;Backbone;0;1;0;1;No Arabia
Porthidium;arcosae;Porthidium_arcosae;Porthidium arcosae;Backbone;0;1;0;1;No Arabia
Porthidium;nasutum;Porthidium_nasutum;Porthidium nasutum;Backbone;0;1;0;1;No Arabia
Pristurus;abdelkuri;Pristurus_abdelkuri;Pristurus abdelkuri;Genus Hajars;0;1;0;1;No Arabia
Pristurus;adrarensis;Pristurus_adrarensis;Pristurus adrarensis;Genus Hajars;0;1;0;1;No Arabia
Pristurus;carteri;Pristurus_carteri;Pristurus carteri;Genus Hajars;0;1;1;0;Arabia
Pristurus;celerrimus;Pristurus_celerrimus;Pristurus celerrimus;Hajars;1;0;1;0;Arabia
Pristurus;collaris;Pristurus_collaris;Pristurus collaris;Genus Hajars;0;1;1;0;Arabia
Pristurus;crucifer;Pristurus_crucifer;Pristurus crucifer;Genus Hajars;0;1;1;0;Arabia
Pristurus;flavipunctatus;Pristurus_flavipunctatus;Pristurus flavipunctatus;Genus Hajars;0;1;1;0;Arabia
Pristurus;gallagheri;Pristurus_gallagheri;Pristurus gallagheri;Hajars;1;0;1;0;Arabia
Pristurus;guichardi;Pristurus_guichardi;Pristurus guichardi;Genus Hajars;0;1;0;1;No Arabia
Pristurus;insignis;Pristurus_insignis;Pristurus insignis;Genus Hajars;0;1;0;1;No Arabia
Pristurus;insignoides;Pristurus_insignoides;Pristurus insignoides;Genus Hajars;0;1;0;1;No Arabia
Pristurus;masirahensis;Pristurus_masirahensis;Pristurus masirahensis;Genus Hajars;0;1;1;0;Arabia
Pristurus;minimus;Pristurus_minimus;Pristurus minimus;Genus Hajars;0;1;1;0;Arabia
Pristurus;obsti;Pristurus_obsti;Pristurus obsti;Genus Hajars;0;1;0;1;No Arabia
Pristurus;ornithocephalus;Pristurus_ornithocephalus;Pristurus ornithocephalus;Genus Hajars;0;1;1;0;Arabia
Pristurus;phillipsii;Pristurus_phillipsii;Pristurus phillipsii;Genus Hajars;0;1;0;1;No Arabia
Pristurus;popovi;Pristurus_popovi;Pristurus popovi;Genus Hajars;0;1;1;0;Arabia
Pristurus;rupestris;Pristurus_rupestris;Pristurus rupestris;Hajars;1;0;1;0;Arabia
Pristurus;samhaensis;Pristurus_samhaensis;Pristurus samhaensis;Genus Hajars;0;1;0;1;No Arabia
Pristurus;sokotranus;Pristurus_sokotranus;Pristurus sokotranus;Genus Hajars;0;1;0;1;No Arabia
Pristurus;somalicus;Pristurus_somalicus;Pristurus somalicus;Genus Hajars;0;1;0;1;No Arabia
Pristurus;sp1;Pristurus_sp1;Pristurus sp1;Genus Hajars;0;1;1;0;Arabia
Pristurus;sp10;Pristurus_sp10;Pristurus sp10;Genus Hajars;0;1;0;1;No Arabia
Pristurus;sp11;Pristurus_sp11;Pristurus sp11;Genus Hajars;0;1;0;1;No Arabia
Pristurus;sp12;Pristurus_sp12;Pristurus sp12;Genus Hajars;0;1;0;1;No Arabia
Pristurus;sp2;Pristurus_sp2;Pristurus sp2;Hajars;1;0;1;0;Arabia
Pristurus;sp3;Pristurus_sp3;Pristurus sp3;Hajars;1;0;1;0;Arabia
Pristurus;sp4;Pristurus_sp4;Pristurus sp4;Hajars;1;0;1;0;Arabia
Pristurus;sp5;Pristurus_sp5;Pristurus sp5;Hajars;1;0;1;0;Arabia
Pristurus;sp6;Pristurus_sp6;Pristurus sp6;Genus Hajars;0;1;0;1;No Arabia
Pristurus;sp7;Pristurus_sp7;Pristurus sp7;Genus Hajars;0;1;0;1;No Arabia
Pristurus;sp8;Pristurus_sp8;Pristurus sp8;Genus Hajars;0;1;0;1;No Arabia
Pristurus;sp9;Pristurus_sp9;Pristurus sp9;Genus Hajars;0;1;1;0;Arabia
Psammodromus;algirus;Psammodromus_algirus;Psammodromus algirus;Backbone;0;1;0;1;No Arabia
Psammophis;schokari;Psammophis_schokari;Psammophis schokari;Backbone;0;1;1;0;Arabia
Pseudocerastes;persicus;Pseudocerastes_persicus;Pseudocerastes persicus;HAJARS_no_endem;0;1;1;0;Arabia
Pseudotrapelus;aqabensis;Pseudotrapelus_aqabensis;Pseudotrapelus aqabensis;Genus Hajars;0;1;1;0;Arabia
Pseudotrapelus;chlodnickii;Pseudotrapelus_chlodnickii;Pseudotrapelus chlodnickii;Genus Hajars;0;1;0;1;No Arabia
Pseudotrapelus;dhofarensis;Pseudotrapelus_dhofarensis;Pseudotrapelus dhofarensis;Genus Hajars;0;1;1;0;Arabia
Pseudotrapelus;jensvindumi;Pseudotrapelus_jensvindumi;Pseudotrapelus jensvindumi;Hajars;1;0;1;0;Arabia
Pseudotrapelus;neumanni;Pseudotrapelus_neumanni;Pseudotrapelus neumanni;Genus Hajars;0;1;1;0;Arabia
Pseudotrapelus;sinaitus;Pseudotrapelus_sinaitus;Pseudotrapelus sinaitus;Genus Hajars;0;1;1;0;Arabia
Ptyodactylus;ananjevae;Ptyodactylus_ananjevae;Ptyodactylus ananjevae;Genus Hajars;0;1;1;0;Arabia
Ptyodactylus;dhofarensis;Ptyodactylus_dhofarensis;Ptyodactylus dhofarensis;Genus Hajars;0;1;1;0;Arabia
Ptyodactylus;guttatus;Ptyodactylus_guttatus;Ptyodactylus guttatus;Genus Hajars;0;1;0;1;No Arabia
Ptyodactylus;hasselquistii;Ptyodactylus_hasselquistii;Ptyodactylus hasselquistii;Genus Hajars;0;1;0;1;No Arabia
Ptyodactylus;orlovi;Ptyodactylus_orlovi;Ptyodactylus orlovi;Hajars;1;0;1;0;Arabia
Ptyodactylus;oudrii;Ptyodactylus_oudrii;Ptyodactylus oudrii;Genus Hajars;0;1;0;1;No Arabia
Ptyodactylus;puiseuxi;Ptyodactylus_puiseuxi;Ptyodactylus puiseuxi;Genus Hajars;0;1;0;1;No Arabia
Ptyodactylus;ragazzii;Ptyodactylus_ragazzii;Ptyodactylus ragazzii;Genus Hajars;0;1;0;1;No Arabia
Ptyodactylus;ruusaljibalicus;Ptyodactylus_ruusaljibalicus;Ptyodactylus ruusaljibalicus;Hajars;1;0;1;0;Arabia
Ptyodactylus;siphonorhina;Ptyodactylus_siphonorhina;Ptyodactylus siphonorhina;Genus Hajars;0;1;1;0;Arabia
Ptyodactylus;sp1;Ptyodactylus_sp1;Ptyodactylus sp. 1;Genus Hajars;0;1;1;0;Arabia
Ptyodactylus;sp2;Ptyodactylus_sp2;Ptyodactylus sp. 2;Genus Hajars;0;1;1;0;Arabia
Ptyodactylus;sp3;Ptyodactylus_sp3;Ptyodactylus sp. 3;Genus Hajars;0;1;1;0;Arabia
Ptyodactylus;sp4;Ptyodactylus_sp4;Ptyodactylus sp. 4;Genus Hajars;0;1;1;0;Arabia
Ptyodactylus;sp5;Ptyodactylus_sp5;Ptyodactylus sp. 5;Genus Hajars;0;1;1;0;Arabia
Ptyodactylus;togoensis;Ptyodactylus_togoensis;Ptyodactylus togoensis;Genus Hajars;0;1;0;1;No Arabia
Rhacodactylus;leachianus;Rhacodactylus_leachianus;Rhacodactylus leachianus;Backbone;0;1;0;1;No Arabia
Rhineura;floridana;Rhineura_floridana;Rhineura floridana;Backbone;0;1;0;1;No Arabia
Rhinophis;drummondhayi;Rhinophis_drummondhayi;Rhinophis drummondhayi;Backbone;0;1;0;1;No Arabia
Saara;hardwickii;Saara_hardwickii;Saara hardwickii;Backbone;0;1;0;1;No Arabia
Scincus;mitranus;Scincus_mitranus;Scincus mitranus;HAJARS_no_endem;0;1;1;0;Arabia
Scincus;scincus_conirostris;Scincus_scincus_conirostris;Scincus scincus conirostris;HAJARS_no_endem;0;1;1;0;Arabia
Shinisaurus;crocodilurus;Shinisaurus_crocodilurus;Shinisaurus crocodilurus;Backbone;0;1;0;1;No Arabia
Spalerosophis;diadema;Spalerosophis_diadema;Spalerosophis diadema cliffordii;HAJARS_no_endem;0;1;1;0;Arabia
Sphaerodactylus;elegans;Sphaerodactylus_elegans;Sphaerodactylus elegans;Backbone;0;1;0;1;No Arabia
Sphaerodactylus;macrolepis;Sphaerodactylus_macrolepis;Sphaerodactylus macrolepis;Backbone;0;1;0;1;No Arabia
Sphenodon;punctatus;Sphenodon_punctatus;Sphenodon punctatus;Backbone;0;1;0;1;No Arabia
Stenodactylus;leptocosymbotes;Stenodactylus_leptocosymbotes;Stenodactylus leptocosymbotes;HAJARS_no_endem;0;1;1;0;Arabia
Stenodactylus;doriae;Stenodactylus_doriae;Stenodactylus doriae;HAJARS_no_endem;0;1;1;0;Arabia
Telescopus;dhara;Telescopus_dhara;Telescopus dhara;HAJARS_no_endem;0;1;1;0;Arabia
Teratoscincus;keyserlingii;Teratoscincus_keyserlingii;Teratoscincus keyserlingii;backbone;0;1;1;0;Arabia
Trachydactylus;hajarensis;Trachydactylus_hajarensis;Trachydactylus hajarensis;Hajars;1;0;1;0;Arabia
Trachydactylus;spatalurus;Trachydactylus_spatalurus;Trachydactylus spatalurus;Genus Hajars;0;1;1;0;Arabia
Trachylepis;tesellata;Trachylepis_tesellata;Trachylepis tessellata;HAJARS_no_endem;0;1;1;0;Arabia
Trapelus;flavimaculatus;Trapelus_flavimaculatus;Trapelus flavimaculatus;HAJARS_no_endem;0;1;1;0;Arabia
Trapelus;boehmei;Trapelus_boehmei;Trapelus boehmei;Backbone;0;1;0;1;No Arabia
Trogonodactylus;arabicus;Trogonodactylus_arabicus;Trogonodactylus arabicus;HAJARS_no_endem;0;1;1;0;Arabia
Trogonodactylus;sharqiyahensis;Trogonodactylus_sharqiyahensis;Trogonodactylus sharqiyahensis;HAJARS_no_endem;0;1;1;0;Arabia
Tropidophis;haetianus;Tropidophis_haetianus;Tropidophis haetianus;Backbone;0;1;0;1;No Arabia
Uromastyx;aegyptia_aeg;Uromastyx_aegyptia_aeg;Uromastyx aegyptia aegyptia;HAJARS_no_endem;0;1;0;1;No Arabia
Uromastyx;aegyptia_lep;Uromastyx_aegyptia_lep;Uromastyx aegyptia leptieni;HAJARS_no_endem;0;1;1;0;Arabia
Uromastyx;aegyptia_mic;Uromastyx_aegyptia_mic;Uromastyx aegyptia microlepis;HAJARS_no_endem;0;1;1;0;Arabia
Uromastyx;benti;Uromastyx_benti;Uromastyx benti;HAJARS_no_endem;0;1;1;0;Arabia
Uromastyx;nigriventris;Uromastyx_nigriventris;Uromastyx nigriventris;HAJARS_no_endem;0;1;0;1;No Arabia
Uromastyx;ornata_phi;Uromastyx_ornata_phi;Uromastyx ornata philbyi;HAJARS_no_endem;0;1;1;0;Arabia
Uromastyx;thomasi;Uromastyx_thomasi;Uromastyx thomasi;HAJARS_no_endem;0;1;1;0;Arabia
Urostrophus;vautieri;Urostrophus_vautieri;Urostrophus vautieri;Backbone;0;1;0;1;No Arabia
Uta;stansburiana;Uta_stansburiana;Uta stansburiana;Backbone;0;1;0;1;No Arabia
Varanus;griseus;Varanus_griseus;Varanus griseus;Backbone;0;1;1;0;Arabia
Varanus;mertensi;Varanus_mertensi;Varanus mertensi;HAJARS_no_endem;0;1;0;1;No Arabia
Varanus;mitchelli;Varanus_mitchelli;Varanus mitchelli;HAJARS_no_endem;0;1;0;1;No Arabia
Varanus;salvator;Varanus_salvator;Varanus salvator;HAJARS_no_endem;0;1;0;1;No Arabia
Woodworthia;maculatus;Woodworthia_maculatus;Woodworthia maculatus;Backbone;0;1;0;1;No Arabia
Xantusia;vigilis;Xantusia_vigilis;Xantusia vigilis;Backbone;0;1;0;1;No Arabia
Xenodermus;javanicus;Xenodermus_javanicus;Xenodermus javanicus;Backbone;0;1;0;1;No Arabia
Xenopeltis;unicolor;Xenopeltis_unicolor;Xenopeltis unicolor;Backbone;0;1;0;1;No Arabia
Xenosaurus;grandis;Xenosaurus_grandis;Xenosaurus grandis;Backbone;0;1;0;1;No Arabia
Xenotyphlops;grandidieri;Xenotyphlops_grandidieri;Xenotyphlops grandidieri;Backbone;0;1;0;1;No Arabia
Zonosaurus;ornatus;Zonosaurus_ornatus;Zonosaurus ornatus;Backbone;0;1;0;1;No Arabia